{"cameraMode":{"drawMode":0,"name":"Shaded","section":"Shading Mode"},"sceneLighting":true,"audioPlay":false,"sceneViewState":{"showFog":true,"showMaterialUpdate":false,"showSkybox":false,"showFlares":true,"showImageEffects":true,"showParticleSystems":true},"in2DMode":false,"pivot":{"x":27.520959854125978,"y":-8.223077774047852,"z":-0.7128522396087647},"rotation":{"x":0.1252330094575882,"y":0.7194173336029053,"z":-0.13450643420219422,"w":0.669823408126831},"size":53.47684860229492,"orthographic":false}