{"cameraMode":{"drawMode":0,"name":"Shaded","section":"Shading Mode"},"sceneLighting":true,"audioPlay":false,"sceneViewState":{"showFog":true,"showMaterialUpdate":false,"showSkybox":true,"showFlares":true,"showImageEffects":true,"showParticleSystems":true},"in2DMode":false,"pivot":{"x":24.59792709350586,"y":-94.65678405761719,"z":183.6499481201172},"rotation":{"x":0.27137061953544619,"y":-0.01822105050086975,"z":0.0051322272047400478,"w":0.9622887372970581},"size":215.9066162109375,"orthographic":false}