{"cameraMode":{"drawMode":0,"name":"Shaded","section":"Shading Mode"},"sceneLighting":false,"audioPlay":false,"sceneViewState":{"showFog":true,"showMaterialUpdate":false,"showSkybox":false,"showFlares":true,"showImageEffects":true,"showParticleSystems":true},"in2DMode":false,"pivot":{"x":7.245878219604492,"y":-1.9123916625976563,"z":2.1095619201660158},"rotation":{"x":0.14497850835323335,"y":0.848427951335907,"z":-0.29806289076805117,"w":0.41268622875213625},"size":15.366853713989258,"orthographic":false}