{"cameraMode":{"drawMode":0,"name":"Shaded","section":"Shading Mode"},"sceneLighting":true,"audioPlay":false,"sceneViewState":{"showFog":true,"showMaterialUpdate":false,"showSkybox":true,"showFlares":true,"showImageEffects":true,"showParticleSystems":true},"in2DMode":false,"pivot":{"x":45.221580505371097,"y":-6.854391098022461,"z":9.306106567382813},"rotation":{"x":0.05571083724498749,"y":0.943364679813385,"z":-0.20883041620254517,"w":0.25169283151626589},"size":31.58554458618164,"orthographic":false}